Region,Arica y Parinacota,Arica y Parinacota,Arica y Parinacota,Arica y Parinacota,Arica y Parinacota,Tarapaca,Tarapaca,Tarapaca,Tarapaca,Tarapaca,Tarapaca,Tarapaca,Tarapaca,Antofagasta,Antofagasta,Antofagasta,Antofagasta,Antofagasta,Antofagasta,Antofagasta,Antofagasta,Antofagasta,Antofagasta,Atacama,Atacama,Atacama,Atacama,Atacama,Atacama,Atacama,Atacama,Atacama,Atacama,Coquimbo,Coquimbo,Coquimbo,Coquimbo,Coquimbo,Coquimbo,Coquimbo,Coquimbo,Coquimbo,Coquimbo,Coquimbo,Coquimbo,Coquimbo,Coquimbo,Coquimbo,Coquimbo,Valparaiso,Valparaiso,Valparaiso,Valparaiso,Valparaiso,Valparaiso,Valparaiso,Valparaiso,Valparaiso,Valparaiso,Valparaiso,Valparaiso,Valparaiso,Valparaiso,Valparaiso,Valparaiso,Valparaiso,Valparaiso,Valparaiso,Valparaiso,Valparaiso,Valparaiso,Valparaiso,Valparaiso,Valparaiso,Valparaiso,Valparaiso,Valparaiso,Valparaiso,Valparaiso,Valparaiso,Valparaiso,Valparaiso,Valparaiso,Valparaiso,Valparaiso,Valparaiso,Valparaiso,Valparaiso,Metropolitana,Metropolitana,Metropolitana,Metropolitana,Metropolitana,Metropolitana,Metropolitana,Metropolitana,Metropolitana,Metropolitana,Metropolitana,Metropolitana,Metropolitana,Metropolitana,Metropolitana,Metropolitana,Metropolitana,Metropolitana,Metropolitana,Metropolitana,Metropolitana,Metropolitana,Metropolitana,Metropolitana,Metropolitana,Metropolitana,Metropolitana,Metropolitana,Metropolitana,Metropolitana,Metropolitana,Metropolitana,Metropolitana,Metropolitana,Metropolitana,Metropolitana,Metropolitana,Metropolitana,Metropolitana,Metropolitana,Metropolitana,Metropolitana,Metropolitana,Metropolitana,Metropolitana,Metropolitana,Metropolitana,Metropolitana,Metropolitana,Metropolitana,Metropolitana,Metropolitana,Metropolitana,Del Libertador General Bernardo O’Higgins,Del Libertador General Bernardo O’Higgins,Del Libertador General Bernardo O’Higgins,Del Libertador General Bernardo O’Higgins,Del Libertador General Bernardo O’Higgins,Del Libertador General Bernardo O’Higgins,Del Libertador General Bernardo O’Higgins,Del Libertador General Bernardo O’Higgins,Del Libertador General Bernardo O’Higgins,Del Libertador General Bernardo O’Higgins,Del Libertador General Bernardo O’Higgins,Del Libertador General Bernardo O’Higgins,Del Libertador General Bernardo O’Higgins,Del Libertador General Bernardo O’Higgins,Del Libertador General Bernardo O’Higgins,Del Libertador General Bernardo O’Higgins,Del Libertador General Bernardo O’Higgins,Del Libertador General Bernardo O’Higgins,Del Libertador General Bernardo O’Higgins,Del Libertador General Bernardo O’Higgins,Del Libertador General Bernardo O’Higgins,Del Libertador General Bernardo O’Higgins,Del Libertador General Bernardo O’Higgins,Del Libertador General Bernardo O’Higgins,Del Libertador General Bernardo O’Higgins,Del Libertador General Bernardo O’Higgins,Del Libertador General Bernardo O’Higgins,Del Libertador General Bernardo O’Higgins,Del Libertador General Bernardo O’Higgins,Del Libertador General Bernardo O’Higgins,Del Libertador General Bernardo O’Higgins,Del Libertador General Bernardo O’Higgins,Del Libertador General Bernardo O’Higgins,Del Libertador General Bernardo O’Higgins,Maule,Maule,Maule,Maule,Maule,Maule,Maule,Maule,Maule,Maule,Maule,Maule,Maule,Maule,Maule,Maule,Maule,Maule,Maule,Maule,Maule,Maule,Maule,Maule,Maule,Maule,Maule,Maule,Maule,Maule,Maule,Nuble,Nuble,Nuble,Nuble,Nuble,Nuble,Nuble,Nuble,Nuble,Nuble,Nuble,Nuble,Nuble,Nuble,Nuble,Nuble,Nuble,Nuble,Nuble,Nuble,Nuble,Nuble,Biobio,Biobio,Biobio,Biobio,Biobio,Biobio,Biobio,Biobio,Biobio,Biobio,Biobio,Biobio,Biobio,Biobio,Biobio,Biobio,Biobio,Biobio,Biobio,Biobio,Biobio,Biobio,Biobio,Biobio,Biobio,Biobio,Biobio,Biobio,Biobio,Biobio,Biobio,Biobio,Biobio,Biobio,La Araucania,La Araucania,La Araucania,La Araucania,La Araucania,La Araucania,La Araucania,La Araucania,La Araucania,La Araucania,La Araucania,La Araucania,La Araucania,La Araucania,La Araucania,La Araucania,La Araucania,La Araucania,La Araucania,La Araucania,La Araucania,La Araucania,La Araucania,La Araucania,La Araucania,La Araucania,La Araucania,La Araucania,La Araucania,La Araucania,La Araucania,La Araucania,La Araucania,Los Rios,Los Rios,Los Rios,Los Rios,Los Rios,Los Rios,Los Rios,Los Rios,Los Rios,Los Rios,Los Rios,Los Rios,Los Rios,Los Lagos,Los Lagos,Los Lagos,Los Lagos,Los Lagos,Los Lagos,Los Lagos,Los Lagos,Los Lagos,Los Lagos,Los Lagos,Los Lagos,Los Lagos,Los Lagos,Los Lagos,Los Lagos,Los Lagos,Los Lagos,Los Lagos,Los Lagos,Los Lagos,Los Lagos,Los Lagos,Los Lagos,Los Lagos,Los Lagos,Los Lagos,Los Lagos,Los Lagos,Los Lagos,Los Lagos,Aysen,Aysen,Aysen,Aysen,Aysen,Aysen,Aysen,Aysen,Aysen,Aysen,Aysen,Magallanes y la Antartica,Magallanes y la Antartica,Magallanes y la Antartica,Magallanes y la Antartica,Magallanes y la Antartica,Magallanes y la Antartica,Magallanes y la Antartica,Magallanes y la Antartica,Magallanes y la Antartica,Magallanes y la Antartica,Magallanes y la Antartica,Magallanes y la Antartica
Codigo region,15,15,15,15,15,01,01,01,01,01,01,01,01,02,02,02,02,02,02,02,02,02,02,03,03,03,03,03,03,03,03,03,03,04,04,04,04,04,04,04,04,04,04,04,04,04,04,04,04,05,05,05,05,05,05,05,05,05,05,05,05,05,05,05,05,05,05,05,05,05,05,05,05,05,05,05,05,05,05,05,05,05,05,05,05,05,05,05,13,13,13,13,13,13,13,13,13,13,13,13,13,13,13,13,13,13,13,13,13,13,13,13,13,13,13,13,13,13,13,13,13,13,13,13,13,13,13,13,13,13,13,13,13,13,13,13,13,13,13,13,13,06,06,06,06,06,06,06,06,06,06,06,06,06,06,06,06,06,06,06,06,06,06,06,06,06,06,06,06,06,06,06,06,06,06,07,07,07,07,07,07,07,07,07,07,07,07,07,07,07,07,07,07,07,07,07,07,07,07,07,07,07,07,07,07,07,16,16,16,16,16,16,16,16,16,16,16,16,16,16,16,16,16,16,16,16,16,16,08,08,08,08,08,08,08,08,08,08,08,08,08,08,08,08,08,08,08,08,08,08,08,08,08,08,08,08,08,08,08,08,08,08,09,09,09,09,09,09,09,09,09,09,09,09,09,09,09,09,09,09,09,09,09,09,09,09,09,09,09,09,09,09,09,09,09,14,14,14,14,14,14,14,14,14,14,14,14,14,10,10,10,10,10,10,10,10,10,10,10,10,10,10,10,10,10,10,10,10,10,10,10,10,10,10,10,10,10,10,10,11,11,11,11,11,11,11,11,11,11,11,12,12,12,12,12,12,12,12,12,12,12,
Comuna,Arica,Camarones,General Lagos,Putre,Total,Alto Hospicio,Camina,Colchane,Huara,Iquique,Pica,Pozo Almonte,Total,Antofagasta,Calama,Maria Elena,Mejillones,Ollague,San Pedro de Atacama,Sierra Gorda,Taltal,Tocopilla,Total,Alto del Carmen,Caldera,Chanaral,Copiapo,Diego de Almagro,Freirina,Huasco,Tierra Amarilla,Vallenar,Total,Andacollo,Canela,Combarbala,Coquimbo,Illapel,La Higuera,La Serena,Los Vilos,Monte Patria,Ovalle,Paiguano,Punitaqui,Rio Hurtado,Salamanca,Vicuna,Total,Algarrobo,Cabildo,Calera,Calle Larga,Cartagena,Casablanca,Catemu,Concon,El Quisco,El Tabo,Hijuelas,Isla de Pascua,Juan Fernandez,La Cruz,La Ligua,Limache,Llaillay,Los Andes,Nogales,Olmue,Panquehue,Papudo,Petorca,Puchuncavi,Putaendo,Quillota,Quilpue,Quintero,Rinconada,San Antonio,San Esteban,San Felipe,Santa Maria,Santo Domingo,Valparaiso,Villa Alemana,Vina del Mar,Zapallar,Total,Alhue,Buin,Calera de Tango,Cerrillos,Cerro Navia,Colina,Conchali,Curacavi,El Bosque,El Monte,Estacion Central,Huechuraba,Independencia,Isla de Maipo,La Cisterna,La Florida,La Granja,La Pintana,La Reina,Lampa,Las Condes,Lo Barnechea,Lo Espejo,Lo Prado,Macul,Maipu,Maria Pinto,Melipilla,Nunoa,Padre Hurtado,Paine,Pedro Aguirre Cerda,Penaflor,Penalolen,Pirque,Providencia,Pudahuel,Puente Alto,Quilicura,Quinta Normal,Recoleta,Renca,San Bernardo,San Joaquin,San Jose de Maipo,San Miguel,San Pedro,San Ramon,Santiago,Talagante,Tiltil,Vitacura,Total,Chepica,Chimbarongo,Codegua,Coinco,Coltauco,Donihue,Graneros,La Estrella,Las Cabras,Litueche,Lolol,Machali,Malloa,Marchihue,Mostazal,Nancagua,Navidad,Olivar,Palmilla,Paredones,Peralillo,Peumo,Pichidegua,Pichilemu,Placilla,Pumanque,Quinta de Tilcoco,Rancagua,Rengo,Requinoa,San Fernando,San Vicente,Santa Cruz,Total,Cauquenes,Chanco,Colbun,Constitucion,Curepto,Curico,Empedrado,Hualane,Licanten,Linares,Longavi,Maule,Molina,Parral,Pelarco,Pelluhue,Pencahue,Rauco,Retiro,Rio Claro,Romeral,Sagrada Familia,San Clemente,San Javier,San Rafael,Talca,Teno,Vichuquen,Villa Alegre,Yerbas Buenas,Total,Bulnes,Chillan,Chillan Viejo,Cobquecura,Coelemu,Coihueco,El Carmen,Ninhue,Niquen,Pemuco,Pinto,Portezuelo,Quillon,Quirihue,Ranquil,San Carlos,San Fabian,San Ignacio,San Nicolas,Treguaco,Yungay,Total,Alto Biobio,Antuco,Arauco,Cabrero,Canete,Chiguayante,Concepcion,Contulmo,Coronel,Curanilahue,Florida,Hualpen,Hualqui,Laja,Lebu,Los Alamos,Los Angeles,Lota,Mulchen,Nacimiento,Negrete,Penco,Quilaco,Quilleco,San Pedro de la Paz,San Rosendo,Santa Barbara,Santa Juana,Talcahuano,Tirua,Tome,Tucapel,Yumbel,Total,Angol,Carahue,Cholchol,Collipulli,Cunco,Curacautin,Curarrehue,Ercilla,Freire,Galvarino,Gorbea,Lautaro,Loncoche,Lonquimay,Los Sauces,Lumaco,Melipeuco,Nueva Imperial,Padre Las Casas,Perquenco,Pitrufquen,Pucon,Puren,Renaico,Saavedra,Temuco,Teodoro Schmidt,Tolten,Traiguen,Victoria,Vilcun,Villarrica,Total,Corral,Futrono,La Union,Lago Ranco,Lanco,Los Lagos,Mafil,Mariquina,Paillaco,Panguipulli,Rio Bueno,Valdivia,Total,Ancud,Calbuco,Castro,Chaiten,Chonchi,Cochamo,Curaco de Velez,Dalcahue,Fresia,Frutillar,Futaleufu,Hualaihue,Llanquihue,Los Muermos,Maullin,Osorno,Palena,Puerto Montt,Puerto Octay,Puerto Varas,Puqueldon,Purranque,Puyehue,Queilen,Quellon,Quemchi,Quinchao,Rio Negro,San Juan de la Costa,San Pablo,Total,Aysen,Chile Chico,Cisnes,Cochrane,Coyhaique,Guaitecas,Lago Verde,OHiggins,Rio Ibanez,Tortel,Total,Antartica,Cabo de Hornos,Laguna Blanca,Natales,Porvenir,Primavera,Punta Arenas,Rio Verde,San Gregorio,Timaukel,Torres del Paine,Total
Codigo comuna,15101,15102,15202,15201,,01107,01402,01403,01404,01101,01405,01401,,02101,02201,02302,02102,02202,02203,02103,02104,02301,,03302,03102,03201,03101,03202,03303,03304,03103,03301,,04103,04202,04302,04102,04201,04104,04101,04203,04303,04301,04105,04304,04305,04204,04106,,05602,05402,05502,05302,05603,05102,05702,05103,05604,05605,05503,05201,05104,05504,05401,05802,05703,05301,05506,05803,05704,05403,05404,05105,05705,05501,05801,05107,05303,05601,05304,05701,05706,05606,05101,05804,05109,05405,,13502,13402,13403,13102,13103,13301,13104,13503,13105,13602,13106,13107,13108,13603,13109,13110,13111,13112,13113,13302,13114,13115,13116,13117,13118,13119,13504,13501,13120,13604,13404,13121,13605,13122,13202,13123,13124,13201,13125,13126,13127,13128,13401,13129,13203,13130,13505,13131,13101,13601,13303,13132,,06302,06303,06102,06103,06104,06105,06106,06202,06107,06203,06304,06108,06109,06204,06110,06305,06205,06111,06306,06206,06307,06112,06113,06201,06308,06309,06114,06101,06115,06116,06301,06117,06310,,07201,07202,07402,07102,07103,07301,07104,07302,07303,07401,07403,07105,07304,07404,07106,07203,07107,07305,07405,07108,07306,07307,07109,07406,07110,07101,07308,07309,07407,07408,,16102,16101,16103,16202,16203,16302,16104,16204,16303,16105,16106,16205,16107,16201,16206,16301,16304,16108,16305,16207,16109,,08314,08302,08202,08303,08203,08103,08101,08204,08102,08205,08104,08112,08105,08304,08201,08206,08301,08106,08305,08306,08307,08107,08308,08309,08108,08310,08311,08109,08110,08207,08111,08312,08313,,09201,09102,09121,09202,09103,09203,09104,09204,09105,09106,09107,09108,09109,09205,09206,09207,09110,09111,09112,09113,09114,09115,09208,09209,09116,09101,09117,09118,09210,09211,09119,09120,,14102,14202,14201,14203,14103,14104,14105,14106,14107,14108,14204,14101,,10202,10102,10201,10401,10203,10103,10204,10205,10104,10105,10402,10403,10107,10106,10108,10301,10404,10101,10302,10109,10206,10303,10304,10207,10208,10209,10210,10305,10306,10307,,11201,11401,11202,11301,11101,11203,11102,11302,11402,11303,,12202,12201,12102,12401,12301,12302,12101,12103,12104,12303,12402,
Poblacion,247552.0,1233.0,810.0,2515.0,252110.0,129999.0,1375.0,1583.0,3000.0,223463.0,5958.0,17395.0,382773.0,425725.0,190336.0,6814.0,14776.0,287.0,10434.0,1746.0,13657.0,28079.0,691854.0,5729.0,19426.0,13164.0,171766.0,14358.0,7681.0,11264.0,14312.0,57009.0,314709.0,11791.0,9546.0,13884.0,256735.0,32801.0,4450.0,249656.0,23374.0,32527.0,121269.0,4675.0,12165.0,4372.0,29110.0,29741.0,836096.0,15174.0,20663.0,53591.0,16482.0,25357.0,29170.0,15213.0,45889.0,17742.0,14338.0,19099.0,8277.0,1033.0,25321.0,37739.0,49931.0,26533.0,68093.0,23490.0,19266.0,7633.0,6201.0,10558.0,20071.0,17645.0,97572.0,167085.0,36135.0,11263.0,96761.0,20643.0,83494.0,16367.0,11934.0,315732.0,139310.0,361371.0,7994.0,1960170.0,7405.0,109641.0,28525.0,88956.0,142465.0,180353.0,139195.0,36430.0,172000.0,40014.0,206792.0,112528.0,142065.0,40171.0,100434.0,402433.0,122557.0,189335.0,100252.0,126898.0,330759.0,124076.0,103865.0,104403.0,134635.0,578605.0,14926.0,141612.0,250192.0,74188.0,82766.0,107803.0,101058.0,266798.0,30433.0,157749.0,253139.0,645909.0,254694.0,136368.0,190075.0,160847.0,334836.0,103485.0,18644.0,133059.0,11953.0,86510.0,503147.0,81838.0,21477.0,96774.0,8125072.0,15925.0,37696.0,14096.0,7831.0,21263.0,22700.0,36504.0,3114.0,26749.0,6765.0,7289.0,59913.0,14163.0,7632.0,27462.0,19141.0,6904.0,14624.0,13299.0,6349.0,11848.0,14952.0,20743.0,17882.0,9164.0,3531.0,13877.0,265211.0,63710.0,30371.0,78642.0,50617.0,41096.0,991063.0,44143.0,9331.0,22565.0,50348.0,9426.0,163626.0,4206.0,10222.0,6989.0,101073.0,32810.0,60000.0,49800.0,44544.0,9083.0,8092.0,8601.0,11248.0,21071.0,14753.0,16170.0,19469.0,46292.0,49451.0,9959.0,236724.0,30850.0,4381.0,17512.0,19200.0,1131939.0,22607.0,198624.0,33827.0,5275.0,16845.0,28375.0,12334.0,5414.0,11567.0,8639.0,11880.0,4940.0,18777.0,12192.0,6261.0,56252.0,4654.0,16624.0,12172.0,5696.0,18596.0,511551.0,6775.0,4306.0,38679.0,30725.0,37003.0,91180.0,238092.0,6330.0,125829.0,33892.0,11841.0,97273.0,26201.0,23873.0,27100.0,22524.0,218515.0,45750.0,31041.0,27944.0,10429.0,49865.0,4179.0,10032.0,145906.0,3611.0,14592.0,14779.0,158345.0,11019.0,58729.0,15205.0,22132.0,1663696.0,56058.0,25486.0,12341.0,26148.0,18055.0,18178.0,7802.0,8458.0,25446.0,12633.0,15148.0,40746.0,24739.0,11049.0,7517.0,10050.0,6265.0,33777.0,82110.0,7223.0,26096.0,29782.0,12188.0,10833.0,12793.0,302931.0,15786.0,10055.0,19314.0,35467.0,30766.0,59103.0,1014343.0,5447.0,15261.0,39538.0,10292.0,17652.0,20518.0,7389.0,23250.0,20798.0,35991.0,32925.0,176774.0,405835.0,42458.0,36744.0,47607.0,5020.0,16013.0,4006.0,4066.0,15069.0,12656.0,20223.0,2806.0,9525.0,18621.0,17817.0,14894.0,173410.0,1827.0,269398.0,9192.0,48620.0,4201.0,21080.0,11787.0,5543.0,29309.0,8783.0,8298.0,14275.0,7639.0,10553.0,891440.0,25002.0,5121.0,5828.0,3685.0,61210.0,1599.0,920.0,661.0,2699.0,572.0,107297.0,137.0,1983.0,264.0,23782.0,7323.0,694.0,141984.0,211.0,681.0,282.0,1021.0,178362.0
2020-04-13,88.0,0.0,0.0,0.0,88.0,8.0,0.0,0.0,0.0,11.0,9.0,2.0,30.0,50.0,12.0,1.0,11.0,0.0,1.0,0.0,3.0,1.0,79.0,0.0,0.0,0.0,5.0,0.0,0.0,0.0,4.0,0.0,9.0,0.0,0.0,0.0,1.0,13.0,0.0,2.0,0.0,0.0,0.0,0.0,0.0,0.0,3.0,0.0,19.0,0.0,0.0,1.0,2.0,2.0,2.0,0.0,1.0,2.0,0.0,0.0,3.0,0.0,3.0,1.0,6.0,0.0,3.0,0.0,1.0,0.0,0.0,1.0,0.0,0.0,5.0,7.0,0.0,2.0,11.0,0.0,1.0,0.0,2.0,15.0,1.0,16.0,0.0,88.0,0.0,15.0,1.0,14.0,27.0,20.0,25.0,6.0,48.0,8.0,34.0,19.0,28.0,7.0,21.0,73.0,26.0,34.0,16.0,18.0,48.0,24.0,37.0,19.0,15.0,84.0,0.0,5.0,62.0,11.0,5.0,35.0,9.0,63.0,5.0,28.0,39.0,186.0,49.0,45.0,39.0,21.0,81.0,24.0,1.0,42.0,0.0,8.0,172.0,9.0,1.0,19.0,1627.0,0.0,0.0,0.0,0.0,0.0,0.0,0.0,0.0,0.0,0.0,0.0,0.0,0.0,0.0,0.0,0.0,0.0,3.0,0.0,0.0,0.0,0.0,0.0,0.0,0.0,0.0,0.0,3.0,0.0,0.0,1.0,1.0,1.0,9.0,2.0,0.0,2.0,1.0,3.0,8.0,0.0,0.0,0.0,5.0,1.0,2.0,0.0,2.0,3.0,0.0,0.0,1.0,1.0,2.0,0.0,1.0,0.0,6.0,1.0,7.0,1.0,0.0,0.0,0.0,49.0,13.0,84.0,13.0,0.0,2.0,6.0,1.0,2.0,2.0,3.0,5.0,1.0,6.0,3.0,5.0,12.0,1.0,1.0,5.0,0.0,25.0,190.0,0.0,0.0,2.0,7.0,0.0,27.0,23.0,0.0,9.0,0.0,0.0,68.0,4.0,0.0,0.0,0.0,4.0,0.0,0.0,4.0,2.0,5.0,0.0,0.0,29.0,0.0,0.0,0.0,17.0,1.0,27.0,1.0,0.0,235.0,13.0,14.0,0.0,1.0,2.0,3.0,0.0,3.0,0.0,1.0,1.0,13.0,4.0,0.0,0.0,0.0,0.0,9.0,20.0,1.0,4.0,1.0,0.0,1.0,0.0,159.0,1.0,3.0,2.0,6.0,10.0,5.0,314.0,0.0,1.0,9.0,0.0,1.0,0.0,0.0,6.0,0.0,1.0,4.0,28.0,50.0,3.0,2.0,5.0,0.0,0.0,0.0,0.0,0.0,0.0,4.0,0.0,0.0,1.0,0.0,1.0,67.0,0.0,11.0,0.0,4.0,0.0,13.0,1.0,0.0,0.0,0.0,0.0,2.0,13.0,4.0,131.0,1.0,1.0,0.0,0.0,0.0,0.0,0.0,0.0,0.0,0.0,2.0,0.0,3.0,0.0,1.0,1.0,0.0,210.0,0.0,0.0,0.0,0.0,215.0
2020-04-15,81.0,0.0,0.0,0.0,81.0,8.0,0.0,0.0,0.0,8.0,17.0,2.0,35.0,55.0,11.0,2.0,13.0,0.0,0.0,0.0,5.0,3.0,89.0,0.0,0.0,0.0,5.0,0.0,0.0,0.0,4.0,0.0,9.0,0.0,0.0,0.0,2.0,12.0,0.0,1.0,0.0,0.0,1.0,0.0,0.0,0.0,3.0,0.0,19.0,0.0,0.0,3.0,2.0,2.0,1.0,0.0,2.0,3.0,0.0,0.0,1.0,0.0,2.0,0.0,8.0,0.0,4.0,0.0,1.0,0.0,0.0,0.0,0.0,1.0,5.0,5.0,0.0,2.0,9.0,0.0,0.0,0.0,6.0,12.0,1.0,13.0,0.0,83.0,0.0,15.0,0.0,19.0,29.0,15.0,27.0,4.0,43.0,4.0,39.0,21.0,29.0,5.0,24.0,65.0,23.0,38.0,14.0,17.0,39.0,26.0,33.0,15.0,9.0,85.0,0.0,7.0,66.0,9.0,5.0,47.0,8.0,56.0,6.0,24.0,35.0,177.0,45.0,51.0,34.0,27.0,77.0,26.0,1.0,41.0,0.0,14.0,142.0,9.0,1.0,11.0,1663.0,0.0,0.0,0.0,0.0,0.0,0.0,0.0,0.0,1.0,0.0,0.0,0.0,0.0,0.0,0.0,0.0,0.0,4.0,0.0,0.0,0.0,0.0,0.0,0.0,0.0,0.0,0.0,3.0,0.0,0.0,1.0,0.0,0.0,9.0,2.0,0.0,1.0,1.0,3.0,8.0,0.0,0.0,0.0,3.0,1.0,2.0,0.0,2.0,3.0,0.0,0.0,1.0,1.0,2.0,0.0,1.0,0.0,5.0,1.0,10.0,1.0,0.0,0.0,0.0,48.0,9.0,66.0,11.0,0.0,0.0,5.0,1.0,2.0,2.0,2.0,4.0,0.0,1.0,0.0,2.0,10.0,1.0,1.0,6.0,0.0,17.0,140.0,0.0,0.0,0.0,4.0,0.0,13.0,47.0,0.0,2.0,0.0,1.0,25.0,5.0,1.0,0.0,0.0,1.0,0.0,0.0,5.0,2.0,5.0,0.0,0.0,17.0,0.0,0.0,0.0,31.0,0.0,17.0,0.0,0.0,176.0,18.0,15.0,0.0,1.0,3.0,2.0,0.0,2.0,0.0,0.0,0.0,11.0,3.0,0.0,0.0,0.0,0.0,12.0,17.0,0.0,3.0,2.0,0.0,1.0,0.0,131.0,1.0,1.0,1.0,1.0,8.0,5.0,241.0,1.0,0.0,6.0,0.0,2.0,0.0,0.0,3.0,0.0,0.0,1.0,24.0,37.0,3.0,0.0,4.0,0.0,0.0,0.0,0.0,0.0,0.0,4.0,0.0,0.0,0.0,0.0,1.0,49.0,0.0,10.0,0.0,3.0,0.0,8.0,0.0,0.0,0.0,0.0,0.0,2.0,5.0,4.0,93.0,0.0,0.0,0.0,0.0,0.0,0.0,0.0,0.0,0.0,0.0,0.0,0.0,1.0,0.0,0.0,0.0,0.0,184.0,0.0,0.0,0.0,0.0,185.0
2020-04-17,74.0,0.0,0.0,0.0,74.0,7.0,0.0,0.0,0.0,10.0,21.0,0.0,38.0,63.0,10.0,4.0,14.0,0.0,0.0,0.0,5.0,8.0,104.0,0.0,0.0,0.0,5.0,0.0,0.0,0.0,4.0,0.0,9.0,0.0,0.0,0.0,0.0,10.0,0.0,1.0,0.0,0.0,0.0,0.0,0.0,0.0,3.0,0.0,14.0,0.0,0.0,5.0,3.0,0.0,1.0,0.0,1.0,3.0,1.0,0.0,0.0,0.0,2.0,0.0,11.0,0.0,5.0,0.0,2.0,0.0,0.0,0.0,0.0,1.0,6.0,5.0,0.0,2.0,18.0,0.0,0.0,0.0,5.0,15.0,1.0,15.0,0.0,102.0,0.0,14.0,1.0,24.0,41.0,15.0,29.0,4.0,52.0,6.0,41.0,22.0,45.0,3.0,23.0,80.0,22.0,44.0,13.0,14.0,38.0,39.0,33.0,27.0,13.0,107.0,1.0,12.0,81.0,10.0,6.0,50.0,9.0,68.0,5.0,32.0,39.0,230.0,48.0,62.0,51.0,43.0,107.0,41.0,1.0,48.0,0.0,15.0,166.0,8.0,1.0,8.0,1892.0,0.0,0.0,0.0,0.0,0.0,0.0,0.0,0.0,1.0,0.0,0.0,1.0,0.0,0.0,0.0,0.0,0.0,3.0,0.0,0.0,0.0,0.0,0.0,0.0,0.0,0.0,0.0,3.0,0.0,0.0,1.0,0.0,0.0,9.0,4.0,0.0,0.0,5.0,5.0,12.0,0.0,0.0,1.0,7.0,1.0,5.0,1.0,2.0,5.0,0.0,1.0,1.0,2.0,4.0,3.0,0.0,4.0,4.0,1.0,48.0,1.0,0.0,0.0,0.0,117.0,6.0,57.0,7.0,0.0,0.0,6.0,1.0,2.0,2.0,1.0,3.0,0.0,1.0,0.0,0.0,5.0,1.0,1.0,5.0,0.0,13.0,111.0,0.0,0.0,0.0,5.0,0.0,9.0,43.0,0.0,2.0,0.0,0.0,19.0,6.0,1.0,0.0,0.0,2.0,0.0,0.0,3.0,0.0,6.0,0.0,0.0,14.0,0.0,0.0,0.0,22.0,0.0,14.0,1.0,0.0,147.0,15.0,14.0,1.0,0.0,2.0,2.0,0.0,3.0,0.0,0.0,1.0,5.0,3.0,0.0,0.0,0.0,0.0,12.0,13.0,1.0,0.0,5.0,0.0,1.0,1.0,119.0,1.0,0.0,1.0,1.0,6.0,3.0,233.0,1.0,0.0,6.0,0.0,2.0,0.0,0.0,1.0,0.0,0.0,1.0,21.0,32.0,3.0,1.0,3.0,0.0,0.0,1.0,0.0,0.0,0.0,2.0,0.0,0.0,1.0,0.0,2.0,44.0,0.0,7.0,0.0,4.0,0.0,5.0,0.0,0.0,0.0,0.0,0.0,1.0,4.0,2.0,80.0,0.0,0.0,0.0,0.0,0.0,0.0,0.0,0.0,0.0,0.0,0.0,0.0,1.0,0.0,1.0,1.0,1.0,179.0,0.0,0.0,0.0,0.0,183.0
2020-04-20,66.0,0.0,0.0,0.0,66.0,15.0,0.0,0.0,0.0,10.0,17.0,0.0,42.0,88.0,10.0,6.0,18.0,0.0,0.0,0.0,5.0,4.0,131.0,0.0,0.0,0.0,4.0,0.0,0.0,1.0,2.0,0.0,7.0,0.0,0.0,0.0,2.0,7.0,0.0,2.0,0.0,0.0,0.0,0.0,0.0,0.0,3.0,0.0,14.0,0.0,1.0,7.0,4.0,0.0,1.0,0.0,1.0,4.0,1.0,1.0,0.0,0.0,2.0,0.0,11.0,0.0,4.0,0.0,0.0,0.0,0.0,0.0,0.0,4.0,4.0,5.0,0.0,1.0,16.0,1.0,0.0,0.0,4.0,18.0,0.0,18.0,0.0,108.0,0.0,17.0,5.0,19.0,53.0,17.0,35.0,2.0,57.0,3.0,53.0,21.0,69.0,1.0,28.0,79.0,25.0,55.0,10.0,12.0,34.0,47.0,30.0,34.0,16.0,109.0,0.0,19.0,77.0,11.0,4.0,43.0,14.0,74.0,5.0,45.0,42.0,245.0,46.0,68.0,64.0,52.0,111.0,46.0,1.0,57.0,1.0,21.0,151.0,8.0,1.0,8.0,2045.0,0.0,0.0,0.0,0.0,0.0,0.0,0.0,0.0,0.0,0.0,0.0,3.0,0.0,0.0,0.0,0.0,0.0,3.0,0.0,0.0,0.0,0.0,0.0,0.0,0.0,0.0,0.0,1.0,0.0,0.0,2.0,0.0,0.0,9.0,5.0,1.0,0.0,5.0,4.0,15.0,0.0,0.0,1.0,8.0,1.0,9.0,2.0,1.0,5.0,0.0,2.0,0.0,2.0,3.0,9.0,0.0,6.0,6.0,1.0,77.0,2.0,0.0,1.0,1.0,167.0,7.0,35.0,9.0,0.0,0.0,12.0,0.0,2.0,2.0,1.0,2.0,0.0,1.0,0.0,0.0,4.0,0.0,0.0,3.0,0.0,4.0,82.0,0.0,0.0,0.0,3.0,0.0,8.0,33.0,0.0,1.0,0.0,0.0,15.0,5.0,1.0,0.0,0.0,4.0,0.0,0.0,2.0,0.0,7.0,0.0,1.0,13.0,0.0,0.0,0.0,28.0,0.0,10.0,0.0,1.0,132.0,25.0,12.0,1.0,1.0,0.0,0.0,0.0,4.0,1.0,0.0,1.0,7.0,3.0,0.0,0.0,0.0,0.0,12.0,20.0,3.0,1.0,2.0,0.0,1.0,6.0,113.0,0.0,0.0,1.0,16.0,8.0,1.0,239.0,1.0,0.0,6.0,0.0,1.0,0.0,0.0,0.0,0.0,1.0,1.0,15.0,25.0,8.0,1.0,0.0,0.0,0.0,1.0,0.0,0.0,1.0,2.0,0.0,0.0,0.0,0.0,1.0,35.0,0.0,8.0,0.0,2.0,0.0,2.0,0.0,0.0,0.0,0.0,0.0,0.0,3.0,2.0,66.0,0.0,0.0,0.0,0.0,0.0,0.0,0.0,0.0,0.0,0.0,0.0,0.0,1.0,0.0,1.0,4.0,1.0,182.0,0.0,0.0,0.0,0.0,189.0
2020-04-24,79.0,0.0,0.0,0.0,79.0,19.0,0.0,0.0,0.0,29.0,13.0,0.0,61.0,128.0,10.0,7.0,30.0,0.0,0.0,0.0,4.0,1.0,180.0,0.0,0.0,0.0,0.0,0.0,0.0,0.0,0.0,7.0,7.0,0.0,0.0,0.0,3.0,0.0,0.0,4.0,0.0,0.0,0.0,0.0,1.0,0.0,1.0,0.0,9.0,0.0,0.0,9.0,2.0,4.0,0.0,0.0,3.0,4.0,3.0,0.0,0.0,0.0,0.0,0.0,11.0,0.0,1.0,0.0,0.0,0.0,0.0,0.0,0.0,3.0,2.0,4.0,3.0,1.0,20.0,1.0,0.0,0.0,5.0,16.0,1.0,18.0,0.0,111.0,0.0,16.0,5.0,24.0,51.0,16.0,40.0,1.0,51.0,2.0,72.0,22.0,130.0,0.0,29.0,88.0,22.0,55.0,7.0,16.0,42.0,41.0,24.0,34.0,32.0,106.0,0.0,20.0,76.0,6.0,4.0,36.0,17.0,73.0,4.0,42.0,41.0,269.0,60.0,66.0,90.0,68.0,146.0,47.0,2.0,50.0,2.0,37.0,183.0,9.0,1.0,5.0,2280.0,0.0,0.0,0.0,1.0,0.0,1.0,2.0,0.0,2.0,1.0,0.0,8.0,0.0,0.0,0.0,0.0,0.0,1.0,0.0,0.0,0.0,0.0,0.0,0.0,0.0,0.0,0.0,8.0,1.0,1.0,2.0,0.0,1.0,29.0,6.0,1.0,0.0,11.0,4.0,10.0,0.0,0.0,1.0,8.0,1.0,16.0,4.0,2.0,2.0,0.0,3.0,0.0,0.0,3.0,10.0,1.0,8.0,10.0,1.0,83.0,1.0,0.0,1.0,0.0,187.0,9.0,37.0,3.0,0.0,0.0,13.0,0.0,2.0,0.0,1.0,2.0,0.0,0.0,1.0,0.0,3.0,1.0,1.0,2.0,0.0,3.0,78.0,0.0,0.0,0.0,6.0,0.0,17.0,33.0,0.0,0.0,1.0,0.0,13.0,10.0,4.0,0.0,1.0,3.0,0.0,0.0,1.0,0.0,9.0,0.0,1.0,15.0,0.0,0.0,1.0,24.0,0.0,12.0,0.0,1.0,152.0,38.0,10.0,1.0,1.0,0.0,1.0,0.0,5.0,2.0,0.0,2.0,5.0,0.0,0.0,0.0,0.0,0.0,9.0,16.0,3.0,1.0,1.0,0.0,2.0,12.0,84.0,1.0,0.0,1.0,41.0,4.0,0.0,240.0,1.0,0.0,6.0,0.0,1.0,0.0,1.0,0.0,0.0,0.0,1.0,8.0,18.0,5.0,1.0,0.0,0.0,0.0,0.0,0.0,0.0,0.0,0.0,0.0,0.0,0.0,0.0,0.0,27.0,0.0,5.0,1.0,0.0,0.0,1.0,0.0,0.0,0.0,0.0,0.0,1.0,8.0,2.0,51.0,0.0,0.0,0.0,0.0,0.0,0.0,0.0,0.0,0.0,0.0,0.0,0.0,0.0,0.0,0.0,2.0,1.0,147.0,0.0,0.0,0.0,0.0,151.0
2020-04-27,103.0,0.0,0.0,0.0,103.0,28.0,0.0,0.0,0.0,38.0,9.0,0.0,75.0,141.0,25.0,8.0,38.0,0.0,0.0,0.0,0.0,0.0,212.0,0.0,0.0,0.0,0.0,0.0,1.0,0.0,1.0,12.0,14.0,0.0,0.0,0.0,4.0,0.0,0.0,5.0,0.0,0.0,0.0,0.0,1.0,0.0,1.0,0.0,11.0,1.0,3.0,9.0,1.0,4.0,0.0,0.0,4.0,4.0,2.0,0.0,0.0,0.0,0.0,0.0,4.0,0.0,0.0,0.0,0.0,0.0,0.0,0.0,0.0,2.0,2.0,3.0,6.0,0.0,21.0,3.0,0.0,0.0,3.0,11.0,2.0,18.0,0.0,103.0,0.0,16.0,5.0,29.0,50.0,20.0,49.0,0.0,66.0,4.0,95.0,19.0,160.0,2.0,31.0,112.0,33.0,97.0,24.0,23.0,38.0,46.0,40.0,48.0,46.0,118.0,0.0,24.0,83.0,9.0,3.0,48.0,22.0,97.0,6.0,29.0,57.0,267.0,113.0,60.0,116.0,72.0,163.0,59.0,3.0,55.0,2.0,55.0,205.0,7.0,1.0,11.0,2738.0,0.0,0.0,0.0,1.0,0.0,1.0,2.0,0.0,2.0,3.0,0.0,5.0,0.0,0.0,0.0,0.0,0.0,0.0,0.0,0.0,0.0,0.0,0.0,0.0,0.0,0.0,0.0,11.0,5.0,2.0,2.0,0.0,1.0,35.0,6.0,2.0,0.0,8.0,3.0,9.0,0.0,0.0,1.0,5.0,1.0,12.0,3.0,1.0,0.0,0.0,2.0,0.0,0.0,1.0,10.0,1.0,6.0,5.0,1.0,73.0,1.0,0.0,1.0,0.0,152.0,7.0,31.0,3.0,0.0,0.0,12.0,0.0,1.0,0.0,0.0,1.0,0.0,1.0,1.0,0.0,5.0,1.0,1.0,0.0,0.0,4.0,68.0,0.0,0.0,0.0,8.0,0.0,13.0,23.0,0.0,2.0,1.0,0.0,11.0,7.0,6.0,0.0,0.0,3.0,0.0,0.0,0.0,0.0,7.0,0.0,0.0,10.0,0.0,0.0,1.0,25.0,0.0,10.0,0.0,1.0,128.0,38.0,6.0,0.0,2.0,0.0,1.0,0.0,4.0,2.0,0.0,2.0,7.0,1.0,0.0,0.0,1.0,0.0,8.0,21.0,2.0,1.0,3.0,0.0,2.0,6.0,60.0,1.0,0.0,1.0,41.0,2.0,0.0,212.0,0.0,0.0,7.0,0.0,1.0,0.0,1.0,0.0,0.0,0.0,2.0,5.0,16.0,4.0,1.0,0.0,0.0,0.0,0.0,0.0,0.0,0.0,0.0,0.0,0.0,0.0,0.0,0.0,24.0,0.0,4.0,3.0,0.0,0.0,1.0,1.0,0.0,0.0,0.0,0.0,1.0,9.0,2.0,50.0,0.0,0.0,0.0,0.0,0.0,0.0,0.0,0.0,0.0,0.0,0.0,0.0,0.0,0.0,0.0,2.0,0.0,127.0,0.0,0.0,0.0,0.0,129.0
2020-05-01,106.0,0.0,0.0,0.0,106.0,38.0,0.0,0.0,0.0,39.0,0.0,0.0,77.0,158.0,34.0,24.0,37.0,0.0,0.0,0.0,0.0,1.0,254.0,0.0,0.0,0.0,11.0,0.0,1.0,0.0,2.0,12.0,26.0,0.0,0.0,0.0,6.0,0.0,0.0,3.0,0.0,0.0,1.0,0.0,1.0,0.0,0.0,0.0,11.0,1.0,4.0,3.0,0.0,6.0,0.0,0.0,8.0,2.0,5.0,0.0,0.0,0.0,1.0,0.0,0.0,2.0,2.0,0.0,0.0,0.0,0.0,0.0,0.0,1.0,3.0,9.0,4.0,0.0,28.0,2.0,3.0,11.0,4.0,34.0,3.0,24.0,0.0,160.0,0.0,28.0,3.0,67.0,76.0,35.0,75.0,4.0,93.0,9.0,177.0,35.0,260.0,3.0,53.0,167.0,60.0,128.0,42.0,38.0,81.0,73.0,57.0,95.0,63.0,144.0,2.0,36.0,70.0,22.0,7.0,81.0,29.0,124.0,17.0,38.0,97.0,251.0,217.0,111.0,252.0,84.0,160.0,71.0,7.0,65.0,7.0,87.0,389.0,8.0,2.0,23.0,4123.0,0.0,0.0,1.0,1.0,0.0,2.0,2.0,0.0,3.0,6.0,0.0,5.0,0.0,0.0,0.0,1.0,2.0,0.0,0.0,0.0,0.0,1.0,0.0,0.0,0.0,0.0,0.0,15.0,5.0,2.0,1.0,4.0,0.0,51.0,3.0,1.0,0.0,3.0,0.0,11.0,0.0,0.0,0.0,4.0,0.0,2.0,0.0,1.0,0.0,0.0,0.0,0.0,0.0,2.0,1.0,1.0,3.0,4.0,0.0,24.0,2.0,0.0,1.0,1.0,64.0,3.0,19.0,1.0,0.0,0.0,13.0,0.0,0.0,0.0,0.0,0.0,0.0,3.0,1.0,0.0,4.0,0.0,2.0,0.0,0.0,5.0,51.0,0.0,0.0,0.0,6.0,0.0,11.0,19.0,0.0,5.0,0.0,0.0,3.0,2.0,6.0,0.0,0.0,2.0,0.0,0.0,0.0,0.0,2.0,0.0,0.0,3.0,0.0,0.0,1.0,23.0,0.0,3.0,0.0,0.0,86.0,41.0,2.0,0.0,3.0,0.0,1.0,0.0,4.0,0.0,0.0,1.0,2.0,5.0,0.0,0.0,5.0,0.0,4.0,12.0,0.0,0.0,2.0,1.0,0.0,13.0,40.0,0.0,0.0,0.0,36.0,4.0,1.0,177.0,0.0,0.0,5.0,0.0,1.0,0.0,0.0,0.0,0.0,0.0,4.0,5.0,15.0,2.0,0.0,1.0,0.0,0.0,0.0,0.0,0.0,0.0,0.0,0.0,0.0,0.0,0.0,0.0,24.0,0.0,1.0,3.0,0.0,0.0,2.0,2.0,0.0,0.0,0.0,0.0,6.0,8.0,0.0,49.0,0.0,0.0,0.0,0.0,0.0,0.0,0.0,0.0,0.0,0.0,0.0,0.0,0.0,0.0,0.0,0.0,0.0,97.0,0.0,0.0,0.0,0.0,97.0
2020-05-04,88.0,0.0,0.0,0.0,88.0,78.0,0.0,0.0,3.0,63.0,0.0,1.0,145.0,201.0,38.0,24.0,83.0,0.0,0.0,0.0,1.0,2.0,349.0,0.0,1.0,0.0,26.0,1.0,0.0,1.0,4.0,14.0,47.0,2.0,0.0,0.0,8.0,1.0,0.0,9.0,0.0,0.0,2.0,0.0,2.0,0.0,1.0,1.0,26.0,1.0,5.0,2.0,0.0,4.0,0.0,1.0,6.0,1.0,3.0,0.0,0.0,0.0,2.0,1.0,0.0,2.0,2.0,0.0,0.0,0.0,0.0,0.0,0.0,1.0,4.0,8.0,1.0,0.0,35.0,2.0,2.0,13.0,5.0,40.0,5.0,30.0,0.0,176.0,0.0,34.0,1.0,171.0,103.0,49.0,150.0,8.0,114.0,8.0,252.0,55.0,356.0,4.0,64.0,265.0,107.0,156.0,66.0,49.0,134.0,92.0,75.0,118.0,90.0,195.0,2.0,63.0,92.0,25.0,12.0,112.0,32.0,182.0,27.0,53.0,127.0,399.0,278.0,132.0,387.0,133.0,214.0,136.0,17.0,90.0,8.0,147.0,610.0,10.0,5.0,29.0,6038.0,0.0,0.0,1.0,1.0,0.0,1.0,1.0,0.0,7.0,7.0,0.0,4.0,0.0,0.0,1.0,1.0,2.0,0.0,0.0,0.0,0.0,1.0,0.0,0.0,0.0,0.0,0.0,18.0,6.0,2.0,1.0,5.0,0.0,59.0,2.0,1.0,0.0,5.0,0.0,6.0,0.0,0.0,0.0,3.0,0.0,1.0,0.0,0.0,0.0,0.0,0.0,0.0,0.0,2.0,0.0,0.0,1.0,3.0,0.0,15.0,2.0,0.0,0.0,1.0,42.0,11.0,18.0,0.0,0.0,0.0,11.0,0.0,0.0,0.0,0.0,0.0,0.0,4.0,0.0,0.0,3.0,0.0,4.0,0.0,0.0,8.0,59.0,0.0,0.0,0.0,2.0,0.0,11.0,9.0,0.0,4.0,0.0,0.0,4.0,0.0,5.0,0.0,0.0,0.0,1.0,1.0,2.0,0.0,2.0,0.0,0.0,5.0,0.0,0.0,0.0,27.0,0.0,1.0,0.0,1.0,75.0,29.0,4.0,0.0,2.0,0.0,2.0,0.0,1.0,0.0,0.0,0.0,2.0,4.0,0.0,0.0,2.0,0.0,3.0,8.0,0.0,0.0,1.0,1.0,1.0,17.0,31.0,0.0,0.0,0.0,25.0,3.0,1.0,137.0,0.0,0.0,6.0,0.0,1.0,0.0,0.0,0.0,0.0,0.0,3.0,10.0,20.0,6.0,0.0,1.0,0.0,0.0,0.0,0.0,0.0,0.0,0.0,0.0,0.0,0.0,0.0,0.0,25.0,0.0,0.0,0.0,0.0,0.0,2.0,1.0,0.0,1.0,0.0,0.0,6.0,8.0,1.0,51.0,0.0,0.0,0.0,0.0,0.0,0.0,0.0,0.0,0.0,0.0,0.0,0.0,0.0,0.0,0.0,0.0,0.0,116.0,0.0,0.0,0.0,0.0,116.0
2020-05-08,62.0,0.0,0.0,0.0,62.0,93.0,0.0,0.0,6.0,169.0,3.0,2.0,273.0,237.0,33.0,25.0,79.0,0.0,0.0,2.0,1.0,2.0,379.0,0.0,1.0,0.0,32.0,1.0,0.0,1.0,2.0,13.0,50.0,3.0,1.0,0.0,9.0,1.0,0.0,12.0,0.0,0.0,5.0,0.0,4.0,0.0,2.0,1.0,38.0,2.0,2.0,0.0,4.0,6.0,1.0,1.0,6.0,5.0,1.0,0.0,0.0,0.0,6.0,1.0,2.0,2.0,8.0,0.0,0.0,0.0,0.0,0.0,0.0,2.0,5.0,12.0,4.0,0.0,58.0,2.0,4.0,12.0,3.0,86.0,18.0,52.0,0.0,305.0,0.0,47.0,5.0,202.0,125.0,106.0,200.0,9.0,175.0,10.0,278.0,108.0,424.0,3.0,92.0,432.0,156.0,230.0,83.0,86.0,239.0,165.0,104.0,128.0,146.0,261.0,0.0,60.0,125.0,33.0,31.0,130.0,30.0,284.0,25.0,99.0,165.0,535.0,354.0,153.0,534.0,166.0,269.0,216.0,24.0,153.0,5.0,198.0,785.0,14.0,3.0,68.0,8273.0,0.0,0.0,0.0,1.0,1.0,3.0,8.0,0.0,4.0,2.0,0.0,4.0,0.0,0.0,1.0,1.0,1.0,0.0,0.0,0.0,0.0,2.0,1.0,0.0,0.0,0.0,0.0,29.0,5.0,2.0,2.0,5.0,0.0,72.0,0.0,0.0,0.0,3.0,0.0,8.0,0.0,0.0,0.0,6.0,2.0,2.0,1.0,0.0,1.0,0.0,0.0,0.0,1.0,1.0,0.0,0.0,5.0,3.0,1.0,6.0,3.0,0.0,0.0,1.0,44.0,14.0,14.0,0.0,0.0,0.0,5.0,0.0,0.0,0.0,0.0,0.0,0.0,2.0,0.0,0.0,2.0,0.0,4.0,0.0,0.0,4.0,45.0,0.0,1.0,5.0,6.0,1.0,8.0,23.0,0.0,7.0,2.0,0.0,9.0,0.0,3.0,0.0,0.0,2.0,8.0,2.0,5.0,0.0,2.0,0.0,0.0,6.0,0.0,0.0,0.0,22.0,0.0,1.0,0.0,4.0,117.0,18.0,3.0,0.0,0.0,1.0,1.0,0.0,1.0,0.0,1.0,1.0,7.0,2.0,5.0,0.0,1.0,0.0,2.0,2.0,0.0,0.0,2.0,1.0,6.0,15.0,36.0,0.0,0.0,0.0,15.0,6.0,1.0,127.0,1.0,0.0,3.0,0.0,3.0,0.0,0.0,0.0,0.0,0.0,1.0,7.0,15.0,13.0,0.0,0.0,0.0,0.0,0.0,0.0,0.0,0.0,0.0,0.0,0.0,0.0,0.0,0.0,22.0,0.0,0.0,2.0,0.0,0.0,5.0,2.0,0.0,1.0,0.0,0.0,5.0,3.0,0.0,53.0,0.0,0.0,0.0,0.0,1.0,0.0,0.0,0.0,0.0,0.0,1.0,0.0,0.0,0.0,1.0,1.0,0.0,147.0,0.0,1.0,0.0,0.0,150.0
2020-05-11,66.0,0.0,0.0,0.0,66.0,94.0,0.0,0.0,7.0,206.0,4.0,3.0,314.0,228.0,33.0,21.0,75.0,0.0,0.0,2.0,1.0,3.0,363.0,0.0,3.0,0.0,43.0,2.0,0.0,1.0,12.0,19.0,80.0,2.0,1.0,2.0,11.0,1.0,0.0,18.0,0.0,0.0,13.0,0.0,6.0,0.0,3.0,1.0,58.0,3.0,2.0,3.0,4.0,5.0,1.0,1.0,5.0,7.0,3.0,0.0,0.0,0.0,8.0,1.0,5.0,2.0,16.0,1.0,0.0,0.0,0.0,1.0,0.0,5.0,6.0,15.0,4.0,0.0,49.0,5.0,7.0,9.0,3.0,82.0,25.0,70.0,0.0,348.0,0.0,68.0,7.0,187.0,167.0,149.0,208.0,15.0,200.0,9.0,303.0,121.0,441.0,6.0,114.0,561.0,185.0,238.0,87.0,86.0,291.0,171.0,117.0,138.0,181.0,324.0,0.0,52.0,142.0,37.0,35.0,147.0,29.0,436.0,25.0,138.0,209.0,654.0,290.0,187.0,514.0,181.0,303.0,267.0,30.0,174.0,3.0,199.0,810.0,28.0,2.0,99.0,9365.0,0.0,0.0,1.0,1.0,3.0,5.0,15.0,0.0,2.0,2.0,0.0,5.0,0.0,0.0,3.0,2.0,1.0,1.0,0.0,0.0,0.0,1.0,1.0,1.0,0.0,0.0,0.0,45.0,3.0,1.0,1.0,6.0,1.0,101.0,1.0,0.0,3.0,1.0,1.0,11.0,0.0,0.0,0.0,7.0,3.0,1.0,2.0,0.0,3.0,0.0,0.0,0.0,1.0,0.0,0.0,0.0,9.0,3.0,1.0,5.0,2.0,0.0,0.0,1.0,55.0,13.0,20.0,2.0,0.0,0.0,2.0,1.0,0.0,0.0,1.0,0.0,0.0,3.0,4.0,0.0,6.0,0.0,2.0,0.0,0.0,1.0,55.0,0.0,2.0,9.0,4.0,0.0,8.0,33.0,0.0,7.0,2.0,0.0,10.0,1.0,11.0,2.0,0.0,13.0,12.0,4.0,9.0,3.0,1.0,0.0,0.0,9.0,0.0,0.0,0.0,27.0,0.0,14.0,0.0,6.0,187.0,14.0,2.0,0.0,0.0,1.0,1.0,0.0,0.0,2.0,1.0,1.0,15.0,3.0,7.0,0.0,1.0,0.0,4.0,1.0,0.0,0.0,1.0,2.0,6.0,18.0,50.0,0.0,0.0,0.0,6.0,3.0,2.0,141.0,2.0,0.0,2.0,0.0,2.0,0.0,0.0,2.0,0.0,0.0,1.0,3.0,12.0,37.0,1.0,0.0,0.0,0.0,0.0,0.0,0.0,0.0,0.0,0.0,0.0,5.0,1.0,0.0,24.0,0.0,2.0,2.0,0.0,0.0,4.0,2.0,0.0,1.0,0.0,0.0,4.0,7.0,0.0,90.0,0.0,0.0,0.0,0.0,1.0,0.0,0.0,0.0,0.0,0.0,1.0,0.0,1.0,0.0,1.0,1.0,0.0,138.0,0.0,1.0,0.0,0.0,142.0
2020-05-15,49.0,0.0,0.0,0.0,49.0,119.0,0.0,0.0,7.0,293.0,4.0,3.0,426.0,300.0,57.0,31.0,41.0,0.0,0.0,5.0,8.0,6.0,448.0,0.0,3.0,0.0,36.0,1.0,0.0,0.0,13.0,15.0,68.0,1.0,0.0,1.0,14.0,0.0,0.0,27.0,0.0,3.0,20.0,0.0,5.0,0.0,2.0,4.0,77.0,6.0,1.0,5.0,5.0,9.0,10.0,1.0,6.0,9.0,10.0,1.0,0.0,0.0,8.0,0.0,23.0,7.0,17.0,2.0,1.0,1.0,0.0,1.0,0.0,5.0,11.0,34.0,10.0,0.0,59.0,5.0,18.0,3.0,7.0,97.0,33.0,105.0,0.0,510.0,0.0,112.0,10.0,161.0,161.0,256.0,263.0,37.0,268.0,2.0,401.0,164.0,458.0,8.0,159.0,791.0,384.0,405.0,102.0,129.0,415.0,203.0,235.0,130.0,258.0,529.0,0.0,48.0,284.0,43.0,72.0,251.0,42.0,639.0,38.0,192.0,236.0,803.0,334.0,181.0,534.0,174.0,400.0,411.0,35.0,252.0,2.0,356.0,1117.0,34.0,8.0,155.0,12682.0,1.0,3.0,1.0,3.0,9.0,6.0,18.0,0.0,2.0,1.0,0.0,7.0,1.0,0.0,3.0,2.0,5.0,7.0,0.0,0.0,0.0,1.0,2.0,1.0,1.0,0.0,0.0,74.0,4.0,4.0,4.0,11.0,2.0,173.0,7.0,0.0,4.0,3.0,0.0,13.0,0.0,0.0,0.0,17.0,5.0,4.0,1.0,2.0,8.0,3.0,0.0,0.0,1.0,2.0,0.0,0.0,11.0,9.0,3.0,28.0,2.0,0.0,1.0,3.0,127.0,37.0,28.0,4.0,0.0,0.0,3.0,1.0,0.0,0.0,3.0,0.0,2.0,2.0,8.0,0.0,8.0,0.0,1.0,2.0,0.0,3.0,102.0,0.0,3.0,7.0,4.0,0.0,6.0,27.0,0.0,15.0,2.0,0.0,14.0,2.0,29.0,1.0,0.0,39.0,13.0,4.0,8.0,7.0,2.0,0.0,0.0,12.0,0.0,5.0,0.0,23.0,0.0,17.0,0.0,4.0,244.0,12.0,1.0,1.0,0.0,1.0,1.0,0.0,0.0,11.0,2.0,2.0,14.0,2.0,14.0,0.0,0.0,0.0,11.0,9.0,0.0,0.0,2.0,1.0,4.0,22.0,58.0,0.0,0.0,1.0,4.0,8.0,1.0,182.0,10.0,0.0,1.0,0.0,2.0,0.0,0.0,3.0,0.0,0.0,0.0,2.0,18.0,34.0,1.0,1.0,0.0,0.0,0.0,0.0,0.0,0.0,1.0,0.0,0.0,5.0,1.0,0.0,26.0,0.0,9.0,2.0,0.0,0.0,6.0,2.0,0.0,1.0,0.0,0.0,9.0,7.0,0.0,105.0,0.0,0.0,0.0,0.0,1.0,0.0,0.0,0.0,0.0,0.0,1.0,0.0,1.0,0.0,0.0,1.0,0.0,110.0,0.0,2.0,0.0,0.0,114.0
2020-05-18,68.0,0.0,0.0,0.0,68.0,185.0,0.0,0.0,5.0,371.0,4.0,4.0,569.0,319.0,77.0,28.0,43.0,0.0,0.0,5.0,7.0,8.0,487.0,0.0,3.0,0.0,33.0,1.0,0.0,0.0,10.0,13.0,60.0,1.0,0.0,3.0,17.0,0.0,0.0,29.0,0.0,3.0,27.0,0.0,2.0,0.0,0.0,3.0,85.0,9.0,1.0,6.0,2.0,5.0,9.0,3.0,11.0,9.0,7.0,2.0,0.0,0.0,6.0,1.0,23.0,9.0,18.0,3.0,1.0,1.0,0.0,1.0,0.0,5.0,18.0,41.0,15.0,2.0,70.0,3.0,23.0,1.0,6.0,112.0,28.0,124.0,0.0,575.0,0.0,121.0,11.0,141.0,158.0,255.0,247.0,41.0,283.0,15.0,406.0,148.0,371.0,7.0,180.0,883.0,458.0,484.0,110.0,114.0,417.0,189.0,256.0,119.0,324.0,513.0,2.0,58.0,305.0,37.0,73.0,306.0,48.0,739.0,46.0,192.0,246.0,1071.0,285.0,173.0,507.0,182.0,480.0,451.0,35.0,274.0,2.0,346.0,1060.0,34.0,10.0,161.0,13374.0,3.0,2.0,1.0,4.0,15.0,9.0,16.0,0.0,2.0,1.0,1.0,7.0,2.0,0.0,5.0,3.0,5.0,8.0,0.0,2.0,0.0,1.0,4.0,3.0,3.0,0.0,1.0,106.0,8.0,4.0,7.0,15.0,3.0,241.0,9.0,0.0,6.0,4.0,1.0,28.0,0.0,0.0,0.0,17.0,7.0,5.0,1.0,4.0,5.0,5.0,0.0,1.0,0.0,2.0,0.0,0.0,7.0,9.0,8.0,29.0,2.0,0.0,1.0,6.0,157.0,56.0,66.0,10.0,0.0,1.0,7.0,2.0,1.0,0.0,4.0,2.0,4.0,7.0,10.0,0.0,10.0,0.0,3.0,2.0,0.0,3.0,188.0,0.0,3.0,6.0,5.0,0.0,9.0,26.0,0.0,21.0,3.0,0.0,14.0,4.0,34.0,1.0,0.0,61.0,21.0,3.0,8.0,14.0,3.0,0.0,0.0,13.0,2.0,10.0,0.0,24.0,0.0,17.0,3.0,3.0,308.0,9.0,0.0,1.0,1.0,2.0,1.0,0.0,0.0,16.0,1.0,3.0,10.0,2.0,18.0,0.0,0.0,0.0,9.0,12.0,0.0,2.0,3.0,1.0,4.0,23.0,74.0,0.0,0.0,3.0,2.0,10.0,2.0,209.0,9.0,2.0,2.0,0.0,0.0,0.0,0.0,3.0,0.0,0.0,0.0,3.0,19.0,34.0,1.0,1.0,0.0,0.0,0.0,0.0,0.0,0.0,1.0,0.0,0.0,5.0,1.0,2.0,19.0,0.0,10.0,2.0,1.0,0.0,4.0,0.0,0.0,0.0,0.0,0.0,8.0,7.0,1.0,97.0,0.0,0.0,0.0,0.0,1.0,0.0,0.0,0.0,0.0,0.0,1.0,0.0,1.0,0.0,1.0,1.0,0.0,98.0,0.0,1.0,0.0,0.0,102.0
2020-05-22,117.0,0.0,0.0,0.0,117.0,247.0,0.0,0.0,7.0,420.0,1.0,13.0,688.0,299.0,76.0,25.0,45.0,0.0,1.0,4.0,12.0,6.0,468.0,0.0,3.0,0.0,34.0,2.0,0.0,0.0,5.0,5.0,49.0,0.0,1.0,3.0,11.0,0.0,0.0,41.0,0.0,13.0,24.0,0.0,0.0,0.0,1.0,2.0,96.0,13.0,2.0,13.0,9.0,6.0,10.0,3.0,12.0,7.0,8.0,4.0,0.0,0.0,5.0,5.0,24.0,25.0,43.0,6.0,4.0,1.0,4.0,3.0,4.0,6.0,17.0,40.0,9.0,7.0,85.0,4.0,53.0,6.0,8.0,95.0,47.0,134.0,0.0,722.0,0.0,150.0,19.0,199.0,211.0,347.0,320.0,49.0,402.0,26.0,478.0,230.0,389.0,14.0,281.0,977.0,588.0,525.0,140.0,149.0,544.0,243.0,334.0,170.0,394.0,773.0,3.0,129.0,419.0,71.0,85.0,371.0,73.0,925.0,46.0,252.0,293.0,1237.0,422.0,223.0,562.0,274.0,699.0,620.0,48.0,406.0,3.0,446.0,1213.0,60.0,17.0,190.0,17039.0,6.0,3.0,3.0,5.0,7.0,10.0,12.0,0.0,3.0,2.0,3.0,7.0,1.0,0.0,2.0,3.0,5.0,6.0,0.0,2.0,2.0,2.0,5.0,2.0,3.0,0.0,1.0,83.0,7.0,3.0,4.0,18.0,4.0,214.0,10.0,0.0,9.0,4.0,2.0,51.0,0.0,1.0,0.0,21.0,11.0,11.0,2.0,8.0,8.0,7.0,0.0,1.0,1.0,2.0,0.0,1.0,13.0,15.0,22.0,65.0,2.0,0.0,1.0,10.0,278.0,50.0,62.0,14.0,0.0,2.0,7.0,2.0,1.0,1.0,2.0,5.0,6.0,6.0,6.0,0.0,8.0,0.0,3.0,4.0,0.0,3.0,182.0,1.0,2.0,13.0,4.0,3.0,9.0,40.0,0.0,22.0,1.0,0.0,15.0,6.0,31.0,0.0,0.0,78.0,17.0,1.0,8.0,21.0,3.0,0.0,0.0,21.0,2.0,10.0,0.0,31.0,0.0,9.0,3.0,1.0,352.0,6.0,3.0,2.0,4.0,13.0,0.0,0.0,0.0,14.0,0.0,1.0,8.0,2.0,33.0,0.0,1.0,0.0,5.0,18.0,0.0,7.0,2.0,0.0,5.0,22.0,60.0,2.0,0.0,5.0,2.0,9.0,1.0,225.0,8.0,10.0,2.0,0.0,0.0,0.0,1.0,4.0,3.0,2.0,1.0,24.0,55.0,41.0,1.0,1.0,0.0,0.0,0.0,0.0,2.0,0.0,0.0,1.0,0.0,3.0,0.0,13.0,18.0,0.0,32.0,0.0,3.0,0.0,5.0,0.0,0.0,0.0,4.0,0.0,6.0,4.0,1.0,135.0,0.0,0.0,0.0,0.0,0.0,0.0,0.0,0.0,0.0,0.0,0.0,0.0,0.0,0.0,2.0,0.0,0.0,64.0,0.0,2.0,0.0,0.0,68.0
